"\"11'09\"\"01 - September 11 (2002)\"",terrorism
(500) Days of Summer (2009),"Zooey Deschanel,romance,quirky,intelligent,inspiring,humorous,Funny,artistic"
...And Justice for All (1979),lawyers
10 Cloverfield Lane (2016),"suspense,creepy"
10 Things I Hate About You (1999),Shakespeare sort of
101 Dalmatians (1996),"remake,dogs"
101 Dalmatians (One Hundred and One Dalmatians) (1961),Disney
12 Angry Men (1957),"thought-provoking,Motivational,gritty,great screenplay,good dialogue,earnest,confrontational,claustrophobic,court"
127 Hours (2010),stranded
13 Going on 30 (2004),Mark Ruffalo
2001: A Space Odyssey (1968),"visually appealing,visual,tedious,technology,surreal,superb soundtrack,Stanley Kubrick,spacecraft,space travel,space,soundtrack,slow paced,slow,setting:space/space ship,sci-fi,robots,revolutionary,relaxing,philosophical,overrated,Oscar (Best Effects - Visual Effects),mystery,music,meditative,masterpiece,imdb top 250,futuristic,future,Dull,cult film,confusing ending,computer,classic,cinematography,atmospheric,artificial intelligence,Arthur C. Clarke,apes,aliens,space,Hal"
21 Grams (2003),DEPRESSING
25th Hour (2002),"nightclub,crime"
28 Days Later (2002),"zombies,zombies"
"39 Steps, The (1935)",fugitive
3:10 to Yuma (2007),Christian Bale
"40-Year-Old Virgin, The (2005)","steve carell,hilarious,classic,BEST PICTURE"
"400 Blows, The (Les quatre cents coups) (1959)","reflective,lyrical,heartwarming,gentle,emotional"
42 Up (1998),"Up series,In Netflix queue"
84 Charing Cross Road (1987),books
8MM (1999),Nicolas Cage
A Million Ways to Die in the West (2014),"witty,Seth MacFarlane,Liam Neeson,Charlize Theron"
A Pigeon Sat on a Branch Reflecting on Existence (2014),"understated,depressing"
A Story of Children and Film (2013),"representation of children,poetic,film history"
A.I. Artificial Intelligence (2001),"robots,Steven Spielberg,Bittersweet,artificial intelligence,android(s)/cyborg(s)"
About a Boy (2002),Nick Hornby
"Accused, The (1988)",rape
Adam's Rib (1949),Hepburn and Tracy
Addams Family Values (1993),"gothic,family,dark comedy,Christopher Lloyd,Christina Ricci,black comedy"
"Addams Family, The (1991)","quirky,gothic,Family,Christopher Lloyd,Christina Ricci,black comedy"
"Adventures of Priscilla, Queen of the Desert, The (1994)","remade,men in drag,cross dressing"
"Adventures of Robin Hood, The (1938)",swashbuckler
"African Queen, The (1951)",missionary
After the Thin Man (1936),Nick and Nora Charles
"Age of Innocence, The (1993)",Edith Wharton
Air Force One (1997),president
Airheads (1994),Comedy
Airplane! (1980),"spoof,aviation"
Akira (1988),"visually stunning,anime,animation"
Aladdin (1992),Disney
Alfie (1966),sexuality
Alice Adams (1935),class
Alice Doesn't Live Here Anymore (1974),In Netflix queue
Alice in Wonderland (1951),Disney
Alien (1979),aliens
Aliens (1986),"space,suspense,SPACE TRAVEL,space craft,space,sci-fi,horror,aliens,action"
Alive (1993),In Netflix queue
All About Eve (1950),Hollywood
All the King's Men (1949),"Robert Penn Warren,In Netflix queue,Huey Long"
All the President's Men (1976),"Deep Throat,Watergate,journalism"
All the Real Girls (2003),adolescence
Almost Famous (2000),"Rolling Stone,music,journalism,music"
Amadeus (1984),"Salieri,Mozart"
"Amelie (Fabuleux destin d'Amélie Poulain, Le) (2001)",whimsical
Amen. (2002),In Netflix queue
America's Sweethearts (2001),"movie business,Hollywood"
American Gangster (2007),"organized crime,mafia,Denzel Washington,corruption"
American History X (1998),"politics,emotional,edward norton,racism,thought-provoking"
American Movie (1999),In Netflix queue
American Pie (1999),"teen,Seann William Scott,pizza beer,not funny,Jason Biggs,dumb,Chris Klein,best comedy"
"American President, The (1995)","president,politics"
American Splendor (2003),cancer
"American in Paris, An (1951)",France
"Americanization of Emily, The (1964)",In Netflix queue
Anastasia (1956),In Netflix queue
Anatomy of a Murder (1959),court
Anchorman 2: The Legend Continues (2013),"will ferrell,stupid but funny,Steve Carell,comedy"
Anchorman: The Legend of Ron Burgundy (2004),"Will Ferrell,comedy,awesome,stupid,Will Ferrell,Steve Carell,hilarious"
And Then There Were None (1945),In Netflix queue
And the Band Played On (1993),"In Netflix queue,AIDs"
"Andalusian Dog, An (Chien andalou, Un) (1929)","surrealism,surreal,mindfuck"
Angel's Egg (Tenshi no tamago) (1985),"symbolism,eerie,bizzare,atmospheric"
Angie (1994),pregnancy
Animal House (1978),"TOGA,college"
"Animatrix, The (2003)","sci-fi,Matrix,dark,cyberpunk,anime,animation"
Anna Karenina (1997),Tolstoy
Anne Frank Remembered (1995),Holocaust
Anne of the Thousand Days (1969),Anne Boleyn
Annie Hall (1977),New York
Another Thin Man (1939),Nick and Nora Charles
"Apartment, The (1960)",adultery
Apocalypse Now (1979),Vietnam
Apollo 13 (1995),"space,NASA,moon"
Arachnophobia (1990),spiders
Argo (2012),"Thrilling,politics,cia"
"Aristocats, The (1970)",Disney
Armageddon (1998),space
Around the World in 80 Days (1956),race
Arrival (2016),"visually appealing,thought-provoking,smart,good cinematography,cinematography,Cerebral,beautiful visuals"
"Arrival, The (1996)",aliens
Arsenic and Old Lace (1944),murder
"Astronaut's Wife, The (1999)",aliens
Au Hasard Balthazar (1966),donkey
Auntie Mame (1958),1920s
Avalon (1990),In Netflix queue
Avatar (2009),"visually stunning,too long,thought-provoking,romance,politics,music,graphic design,beautiful scenery,white guilt,unoriginal,superficial plot,sci-fi,poor dialogue,military,James Cameron,graphic design,futuristic,bad science"
"Avengers, The (2012)","visually appealing,great humor,fun,superhero team,superhero,silly,Captain America"
Avengers: Infinity War - Part I (2018),"Visually stunning,Visually appealing,Sad,emotional,Dark,Visually stunning,Thor,Thanos,Robert Downey Jr.,MCU,Marvel,Guardians of the Galaxy,Great villain,Dr. Strange,comic book"
"Aviator, The (2004)","movie business,Howard Hughes,biopic"
"Awful Truth, The (1937)",screwball
"Babadook, The (2014)","psychological,Metaphorical,dark,atmospheric"
Babe (1995),"villain nonexistent or not needed for good story,pigs,Animal movie"
Babel (2006),"social commentary,multiple storylines,cate blanchett,Brad Pitt"
Babette's Feast (Babettes gæstebud) (1987),Food
Babylon 5: In the Beginning (1998),space station
"Bachelor and the Bobby-Soxer, The (1947)",court
Back to the Future (1985),time travel
Back to the Future Part II (1989),time travel
Bad Day at Black Rock (1955),In Netflix queue
"Bad News Bears, The (1976)",baseball
"Bad Seed, The (1956)",evil children
"Bad and the Beautiful, The (1952)",movie business
"Ballad of Jack and Rose, The (2005)",fatherhood
"Bank Job, The (2008)","small time criminals,robbery,heist"
Barton Fink (1991),movie business
"Basketball Diaries, The (1995)","Mark Wahlberg,Leonardo DiCaprio,heroin,addiction"
Batman (1989),superhero
Batman Forever (1995),"superhero,superhero"
Batman Returns (1992),superhero
Batman v Superman: Dawn of Justice (2016),"wonderwoman,superman,superhero,Gal Gadot,dc comics,dark,ben affleck,batman,action"
Battle Royale (Batoru rowaiaru) (2000),"violence,survival,social commentary,satire,goretastic,dystopia,controversial,brutal,bloody,based on a book"
"Battle of Algiers, The (La battaglia di Algeri) (1966)",In Netflix queue
Beasts of No Nation (2015),Moving
Beasts of the Southern Wild (2012),"poetic,emotional,Beautiful"
Beat the Devil (1953),crime
"Beautiful Mind, A (2001)",mathematics
Beauty and the Beast (1991),Disney
Before Sunrise (1995),generation X
Before Sunset (2004),generation X
Begotten (1990),"symbolic,psychedelic,boring"
Being Julia (2004),stage
Being There (1979),television
"Believer, The (2001)","Judaism,anti-Semitism"
Bend It Like Beckham (2002),soccer
Benny & Joon (1993),"Not Seen,mental illness"
Best in Show (2000),"Dogs,satire"
Better Luck Tomorrow (2002),gangs
Better Off Dead... (1985),skiing
Beyond Silence (Jenseits der Stille) (1996),In Netflix queue
Big (1988),children
Big Business (1988),twins
Big Daddy (1999),Adam Sandler
Big Eyes (2014),painter
Big Fish (2003),"Tim Burton,surreal,sentimental,dreamlike"
Big Hero 6 (2014),"very funny,fun family movie,feel-good,robots,kids,animation"
"Big Kahuna, The (2000)","religion,business"
"Big Lebowski, The (1998)","violence,Steve Buscemi,satirical,sarcasm,rug,ransom,quirky,Philip Seymour Hoffman,off-beat comedy,Nudity (Full Frontal),marijuana,kidnapping,Julianne Moore,John Goodman,Jeff Bridges,imdb top 250,Highly quotable,great soundtrack,great dialogue,funny,drugs,deadpan,dark comedy,cult film,Cult classic,crime,comedy,coen brothers,classic,bowling,black comedy,Coen Brothers"
Big Night (1996),food
"Big Short, The (2015)","Witty,interesting,funny"
"Big Sleep, The (1946)",Hammett
Big Top Pee-Wee (1988),circus
Bill & Ted's Bogus Journey (1991),time travel
Bill & Ted's Excellent Adventure (1989),time travel
"Bill Cosby, Himself (1983)",Stand Up
Billabong Odyssey (2003),"surfing,big wave"
Billy Elliot (2000),ballet
Billy Madison (1995),"stop looking at me swan,Adam Sandler,school"
Birdman of Alcatraz (1962),"prison,birds"
"Birds, The (1963)",birds
"Bishop's Wife, The (1947)",Christmas
Black Beauty (1994),horses
Black Mirror: White Christmas (2014),"thought provoking,jon hamm,interesting,future,Dystopia"
Black Narcissus (1947),"religion,convent"
Black Orpheus (Orfeu Negro) (1959),In Netflix queue
Black Robe (1991),In Netflix queue
"Black Stallion, The (1979)",horses
Black Swan (2010),"surreal,obsession,horror,creepy,atmospheric,alter ego"
Blade (1998),vampires
Blade II (2002),"Wesley Snipes,Great movie"
Blade Runner (1982),"philosophical,existentialism,dreamlike,atmospheric,Philip K. Dick,mindfuck,future,cyberpunk,atmospheric,artificial intelligence,androids,robots,sci-fi"
Blade Runner 2049 (2017),"philosophical,moody,existentialism,dreamlike,dark,cinematography,beautiful,atmospheric"
"Blair Witch Project, The (1999)","video,claims to be true"
Blazing Saddles (1974),"silly,easygoing,dark humor"
Blood Diamond (2006),"Leonardo DiCaprio,justice,Jennifer Connelly,corruption,Africa"
Blood Simple (1984),Coen Brothers
"Blue Angel, The (Blaue Engel, Der) (1930)","singers,nightclub"
Blue Car (2002),teachers
Blue Sky (1994),"Oscar (Best Actress),mental illness"
Blue Velvet (1986),"suburbia,sexuality"
"Blues Brothers, The (1980)",Saturday Night Live
Bob Roberts (1992),politics
Bonnie and Clyde (1967),"gangsters,1920s"
Boomerang (1992),dating
"Boot, Das (Boat, The) (1981)",submarine
Born Free (1966),"lions,animal movie"
Born Yesterday (1950),remade
Born into Brothels (2004),India
Bottle Rocket (1996),"quirky,off-beat comedy,crime"
"Bourne Ultimatum, The (2007)","Robert Ludlum,espionage,assassin-in-training (scene),assassin"
Bowling for Columbine (2002),violence in america
"Boy in the Striped Pajamas, The (Boy in the Striped Pyjamas, The) (2008)","friendship,childish naivity"
"Brandon Teena Story, The (1998)",sexuality
Brassed Off (1996),In Netflix queue
Braveheart (1995),"Scotland,sword fight,revenge,Oscar (Best Cinematography),mel gibson,Medieval,inspirational,historical,epic,beautiful scenery"
Breaker Morant (1980),court
Breakfast at Tiffany's (1961),Capote
Breakfast on Pluto (2005),transvestite
Breaking the Waves (1996),religion
"Bridge on the River Kwai, The (1957)",POW
Bridget Jones's Diary (2001),singletons
Brief Encounter (1946),adultery
Bringing Up Baby (1938),"screwball,leopard"
Broadcast News (1987),journalism
Broadway Danny Rose (1984),show business
Broken Flowers (2005),In Netflix queue
"Brothers Bloom, The (2008)","Rachel Weisz,Mark Ruffalo,interesting characters,funny,con artists,Adrien Brody"
"Browning Version, The (1951)",In Netflix queue
Bruce Almighty (2003),"classic,religion"
Buena Vista Social Club (1999),In Netflix queue
Buffalo '66 (a.k.a. Buffalo 66) (1998),"wry,quirky,melancholy,elegiac,avant-garde romantic comedy"
Bug (2007),"PTSD,paranoia,Insanity,creepy,conspiracy theory,based on a play"
"Bug's Life, A (1998)",Pixar
Burn After Reading (2008),"weird,twists & turns,satire,John Malkovich,George Clooney,espionage,dark comedy,Coen Brothers,Coen Bros,Brad Pitt,dark comedy"
Butch Cassidy and the Sundance Kid (1969),crime
Butterflies Are Free (1972),blind
Caddyshack (1980),golf
"Caine Mutiny, The (1954)",military
Call Northside 777 (1948),In Netflix queue
Camelot (1967),King Arthur
"Candidate, The (1972)",politics
"Cannonball Run, The (1981)",race
Cape Fear (1962),lawyer
Cape Fear (1991),"remake,Robert De Niro,Martin Scorsese,Juliette Lewis,horror"
Capote (2005),Truman Capote
Captain Blood (1935),swashbuckler
Captain Fantastic (2016),"Viggo Mortensen,individualism,good writing,freedom,creative,building a family"
Captain Phillips (2013),"tense,suspense,suspense,ocean,hostage"
Capturing the Friedmans (2003),child abuse
Carlito's Way (1993),"mafia,gangster,Al Pacino"
Carrie (1976),"Stephen King,prom,high school"
Casablanca (1942),start of a beautiful friendship
Casino (1995),Mafia
Cat People (1942),sexuality
"Cat Returns, The (Neko no ongaeshi) (2002)",In Netflix queue
Cat Soup (Nekojiru-so) (2001),"surreal,psychedelic,dark,abstract"
Cat on a Hot Tin Roof (1958),Tennessee Williams
Cat's Eye (1985),Stephen King
Catch Me If You Can (2002),"twists & turns,Tom Hanks,smart,lies,Leonardo DiCaprio,intelligent,cheating,crime"
"Caveman's Valentine, The (2001)","New York,homeless"
"Celebration, The (Festen) (1998)",In Netflix queue
Central Station (Central do Brasil) (1998),South America
Chain Reaction (1996),seen at the cinema
Chalet Girl (2011),Comedy
"Chamber, The (1996)","John Grisham,death penalty"
Changeling (2008),emotional
Chaplin (1992),"In Netflix queue,biopic"
Charade (1963),heist
Chariots of Fire (1981),"sports,Olympics"
Charlie and the Chocolate Factory (2005),roald dahl
Chicago (2002),"murder,jazz,court"
"Children of Heaven, The (Bacheha-Ye Aseman) (1997)",In Netflix queue
Children of a Lesser God (1986),death penalty
Children of the Corn (1984),Stephen King
Children of the Damned (1963),evil children
Chinatown (1974),incest
"Chosen, The (1981)","Judaism,In Netflix queue"
Christine (1983),Stephen King
"Christmas Story, A (1983)",Christmas
Christmas Vacation (National Lampoon's Christmas Vacation) (1989),christmas
"Chronicles of Narnia: Prince Caspian, The (2008)","Tilda Swinton,narnia,lion,fantasy"
"Chronicles of Narnia: The Lion, the Witch and the Wardrobe, The (2005)",C.S. Lewis
Cinderella (1950),Disney
Cinderella Man (2005),"boxing,boksdrama"
Cinemania (2002),movies
Circle of Friends (1995),Ireland
"Circus, The (1928)","circus,big top"
Citizen Kane (1941),Rosebud
City Lights (1931),blind
City of God (Cidade de Deus) (2002),"not seen,violence,photography,crime,true story,multiple storylines"
"City of Lost Children, The (Cité des enfants perdus, La) (1995)",kidnapping
Clear and Present Danger (1994),Tom Clancy
Clerks (1994),"generation X,witty,quirky,independent film,hilarious,cynical"
"Client, The (1994)",John Grisham
"Clockwork Orange, A (1971)",brainwashing
Clueless (1995),"Jane Austen,Emma,seen more than once,quotable,Paul Rudd,funny,chick flick"
Coal Miner's Daughter (1980),Loretta Lynn
Cold Comfort Farm (1995),In Netflix queue
Cold Mountain (2003),Civil War
College (1927),In Netflix queue
"Color of Paradise, The (Rang-e khoda) (1999)",In Netflix queue
"Come Back, Little Sheba (1952)","marriage,alcoholism"
Come and See (Idi i smotri) (1985),"harsh,gritty,disturbing,bleak,atmospheric"
Coming Home (1978),Vietnam
Coming to America (1988),"immigrants,Africa"
"Commitments, The (1991)",In Netflix queue
Confessions of a Dangerous Mind (2002),television
Congo (1995),Michael Crichton
"Constant Gardener, The (2005)","politics,business,Africa"
Control Room (2004),journalism
"Conversation, The (1974)",spying
Cookie's Fortune (1999),southern US
Cool Hand Luke (1967),prison
Copycat (1995),serial killer
Coraline (2009),"Tim Burton,Surreal,dark fairy tale,dark,creepy,claymation"
Corpse Bride (2005),"06 Oscar Nominated Best Movie - Animation,animation,visually appealing,Tim Burton,Johnny Depp,helena bonham carter,gothic"
"Corrina, Corrina (1994)",interracial romance
"Country Girl, The (1954)",Oscar (Best Actress)
Courage Under Fire (1996),Gulf War
Cowboy Bebop: The Movie (Cowboy Bebop: Tengoku no Tobira) (2001),"sci-fi,anime,amazing artwork"
Crash (2004),racism
Creature Comforts (1989),aardman
Crimson Tide (1995),submarine
Crocodile Dundee (1986),Australia
Crocodile Dundee II (1988),Australia
"Croods, The (2013)","stone age,funny,animation"
Crossfire (1947),anti-Semitism
Crossing Delancey (1988),New York
"Crouching Tiger, Hidden Dragon (Wo hu cang long) (2000)","martial arts,china"
"Crucible, The (1996)",Arthur Miller
Crumb (1994),In Netflix queue
"Cry in the Dark, A (1988)","Australia,a dingo ate my baby"
"Cry, the Beloved Country (1995)","South Africa,In Netflix queue"
Cujo (1983),Stephen King
"Cutting Edge, The (1992)",figure skating
Cyrano de Bergerac (1990),In Netflix queue
"Da Vinci Code, The (2006)","treasure hunt,Tom Hanks,Paris,Mystery,conspiracy theory,Audrey Tautou,adventure"
Dallas Buyers Club (2013),"uplifting,social commentary,Jared Leto"
Dancer in the Dark (2000),"factory,blindness"
Dances with Wolves (1990),"Native Americans,American Indians"
Dangerous Liaisons (1988),adultery
Dangerous Minds (1995),"teacher,high school"
Danny Deckchair (2003),Australia
Daredevil (2003),"Ben Affleck,bad"
Dark City (1998),amnesia
Dark Days (2000),"Train,Sundance award winner,New York,independent,Homeless,Amtrak"
"Dark Knight Rises, The (2012)","superhero,political commentary,Morgan Freeman,great ending,comic book,Christopher Nolan,Christian Bale,Anne Hathaway"
"Dark Knight, The (2008)","gritty,dark,superhero,psychology"
Dark Passage (1947),amnesia
Dark Victory (1939),terminal illness
Dark Water (Honogurai mizu no soko kara) (2002),remade
Dave (1993),President
"Day of the Jackal, The (1973)",assassination
"Day the Earth Stood Still, The (1951)",aliens
Days of Wine and Roses (1962),alcoholism
Dead Again (1991),"music,memory"
Dead Man Walking (1995),"Nun,death penalty"
Dead Poets Society (1989),"High School,highschool"
"Dead Zone, The (1983)",Stephen King
Deadpool 2 (2018),"sarcasm,Ryan Reynolds,Josh Brolin"
Dear Frankie (2004),Ireland
Death Becomes Her (1992),plastic surgery
"Decade Under the Influence, A (2003)","movies,1970s"
"Deer Hunter, The (1978)",Vietnam
"Defiant Ones, The (1958)",racism
"Definitely, Maybe (2008)","Ryan Reynolds,Rachel Weisz"
Deliver Us from Evil (2006),the catholic church is the most corrupt organization in history
Deliverance (1972),river
"Departed, The (2006)","suspense,Martin Scorsese,Leonardo DiCaprio,Jack Nicholson,atmospheric,undercover cop,twist ending,suspense,Leonardo DiCaprio,way too long"
Desk Set (1957),Hepburn and Tracy
"Devil's Backbone, The (Espinazo del diablo, El) (2001)",ghosts
Devil's Playground (2002),Amish
"Devil's Rejects, The (2005)",Rob Zombie
Diary of a Country Priest (Journal d'un curé de campagne) (1951),"religion,priest"
Dick Tracy (1990),comic book
Dirty Dancing (1987),"music,dance"
Dirty Pretty Things (2002),immigration
District 9 (2009),intelligent sci-fi
Divergent (2014),"unintelligent,scifi,predictable,plot holes,new society,dystopia,bad writing,anti-intellectual"
Divided We Fall (Musíme si pomáhat) (2000),Holocaust
"Divorcee, The (1930)",divorce
Django Unchained (2012),"Soundtrack,western,Soundtrack,Samuel L. Jackson,Quentin Tarantino,Leonardo DiCaprio,Humour,Great performances,good soundtrack,funny,Christoph Waltz,action"
Do the Right Thing (1989),"great cinematography,racism"
Doctor Strange (2016),visually appealing
Dogfight (1991),In Netflix queue
Dogma (1999),"religion,satire,Kevin Smith,jay and silent bob,irreverent"
Dogville (2003),Grace
Dolores Claiborne (1995),Stephen King
Don Juan DeMarco (1995),"psychology,mental illness"
Don't Breathe (2016),intense
Donnie Brasco (1997),Mafia
Donnie Darko (2001),"weird,thought-provoking,surreal,quirky,psychological,philosophy,mindfuck,mental illness,hallucinatory,enigmatic,dreamlike,cerebral,atmospheric,thought-provoking,teen,social commentary,psychology,mental illness,hallucinatory,dreamlike,time travel,jake gyllenhaal,time travel,surreal,psychological,hallucinatory,dreamlike,cult film,atmospheric"
"Doors, The (1991)","music,Jim Morrison,1960s"
Double Indemnity (1944),Insurance
"Double Life, A (1947)",Othello
Down and Out in Beverly Hills (1986),homeless
Down with Love (2003),"retro,Renee Zellweger,Ewan McGregor"
Dr. Horrible's Sing-Along Blog (2008),"parody,Neil Patrick Harris,Nathan Fillion,joss whedon"
Dr. Strangelove or: How I Learned to Stop Worrying and Love the Bomb (1964),"Quirky,dark comedy,black comedy,Slim Pickens,purity of essence,satire,dark comedy,black comedy,Atomic bomb,dark comedy"
Dream for an Insomniac (1996),generation X
"Dresser, The (1983)",In Netflix queue
Driving Miss Daisy (1989),rasicm
"Dude, Where's My Car? (2000)",bad
Duel (1971),In Netflix queue
Duma (2005),"In Netflix queue,Animal movie"
Dumbo (1941),Disney
Dummy (2002),vertriloquism
Dunkirk (2017),"tense,inspiring,brilliant"
E.T. the Extra-Terrestrial (1982),aliens
Eat Drink Man Woman (Yin shi nan nu) (1994),In Netflix queue
Ed Wood (1994),movie business
Educating Rita (1983),In Netflix queue
Edward Scissorhands (1990),freaks
Elephant (2003),"violence in america,adolescence"
"Elephant Man, The (1980)",freaks
Elf (2003),christmas
Elite Squad (Tropa de Elite) (2007),Favelas
Elizabeth (1998),England
Elmer Gantry (1960),"religion,preacher"
Emma (1996),Jane Austen
Enchanted April (1992),Italy
"End of the Affair, The (1999)",Graham Greene
Enemy at the Gates (2001),"World War II,sniper,Rachel Weisz,Jude Law,Ed Harris"
"English Patient, The (1996)",adultery
Enigma (2001),World War II
Enron: The Smartest Guys in the Room (2005),"scandal,money,business"
Eraserhead (1977),"weird,surreal,strange,paranoid,Insane,hallucinatory,gruesome,fucked up,enigmatic,dreamlike,disturbing,dark,cryptic,creepy,Atmospheric,art house,In Netflix queue"
Erin Brockovich (2000),"true story,scandal"
Eternal Sunshine of the Spotless Mind (2004),"thought-provoking,surrealism,surreal,romantic,quirky romantic,quirky,philosophy,mind-bending,melancholy,lovely,intelligent,insightful,humane,happpiness,feel-good,emotional,dreamlike,comedy,colourful,bittersweet,beautiful,atmospheric,artistic,arthouse,surreal,love,Jim Carrey,imagination,cult film,memory,jim carrey,thought-provoking,memory,alternate reality"
Europa Europa (Hitlerjunge Salomon) (1990),"World War II,Holocaust"
Everest (1998),In Netflix queue
Everybody Wants Some (2016),80's
Everything Is Illuminated (2005),In Netflix queue
"Evil Dead, The (1981)",zombies
Evita (1996),Andrew Lloyd Weber
Evolution (2001),"Seann William Scott,really bad"
Excalibur (1981),"King Arthur,England"
"Exorcist, The (1973)",demons
Eye in the Sky (2016),"thought-provoking,suspense"
"Eye, The (Gin gwai) (Jian gui) (2002)",transplants
Eyes Wide Shut (1999),sexuality
"Eyes of Tammy Faye, The (2000)","televangelist,In Netflix queue"
FLCL (2000),"surreal,stylish,cult film,2D animation"
Face/Off (1997),transplants
Fahrenheit 451 (1966),Ray Bradbury
Fahrenheit 9/11 (2004),"terrorism,politics"
Fantasia (1940),Disney
Fantastic Four (2005),"superhero,sexy female scientist,Jessica Alba,heroine in tight suit,comic book,Chris Evans"
Fantastic Four: Rise of the Silver Surfer (2007),"sexy female scientist,Marvel,Jessica Alba,Chris Evans,bad plot,bad jokes,bad acting"
Far and Away (1992),Ireland
Far from Heaven (2002),salute to Douglas Sirk
"Farewell to Arms, A (1932)",Hemingway
Fargo (1996),"Coen Brothers,Steve Buscemi,KIDNAPPING,dark comedy,based on a true story"
Fast Times at Ridgemont High (1982),high school
Fatal Attraction (1987),adultery
Father of the Bride (1950),wedding
Father of the Bride (1991),"wedding,remake"
Father of the Bride Part II (1995),"remake,pregnancy"
Faust (1926),In Netflix queue
"Femme Nikita, La (Nikita) (1990)",hit men
Ferris Bueller's Day Off (1986),High School
"Few Good Men, A (1992)","military,court"
Fiddler on the Roof (1971),"Tradition!,Judaism"
Fido (2006),zombies
Field of Dreams (1989),baseball
Fight Club (1999),"violent,violence,twist ending,twist,thought-provoking,TERRORISM,surreal,stylized,societal criticism,social commentary,schizophrenia,satirical,quirky,psychology,psychological thriller,psychological,powerful ending,postmodern,philosophy,philosophical,Palahnuik,Nudity (Topless),narrated,mindfuck,mind-blowing,mental illness,imdb top 250,imaginary friend,helena bonham carter,great acting,fighting,Edward Norton,double life,disturbing,David Fincher,dark comedy,dark,crime,consumerism,complicated,clever,classic,Chuck Palahniuk,challenging,Brad Pitt,based on a book,atmospheric,action,violence,dark comedy,twist ending,thought-provoking,psychology,dark comedy"
Final Destination 2 (2003),"violent,sequel"
Final Fantasy: The Spirits Within (2001),sci-fi
Finding Forrester (2000),writing
Finding Nemo (2003),"heartwarming,fish,Disney"
Finding Neverland (2004),Peter Pan
"Firm, The (1993)",John Grisham
"First Wives Club, The (1996)",adultery
"Fish Called Wanda, A (1988)",fish
"Fisher King, The (1991)",homeless
"Fistful of Dollars, A (Per un pugno di dollari) (1964)",bad
Flawless (1999),men in drag
Fly Away Home (1996),Animal movie
Flying Down to Rio (1933),Astaire and Rogers
"Fog of War: Eleven Lessons from the Life of Robert S. McNamara, The (2003)",Vietnam
Follow the Fleet (1936),Astaire and Rogers
Following (1998),"black and white,Twist Ending,not linear,mindfuck,directorial debut,Christopher Nolan,black and white"
For All Mankind (1989),In Netflix queue
"Forbidden Kingdom, The (2008)","kung fu,jackie chan"
Forbidden Planet (1956),"space,Shakespeare sort of"
Foreign Correspondent (1940),"war,journalism,Europe"
Forget Paris (1995),"infertility,France,basketball"
Forrest Gump (1994),"touching,heartwarming,emotional,bittersweet,stupid is as stupid does,lieutenant dan,bubba gump shrimp,Vietnam,shrimp"
Four Weddings and a Funeral (1994),wedding
"Fox and the Hound, The (1981)",Disney
Fracture (2007),"twist ending,courtroom drama,Anthony Hopkins"
Frailty (2001),religion
Frank (2014),"quirky,mental illness,introspection,Eccentric,black comedy,adorable"
Frankenstein (1931),In Netflix queue
Freaks (1932),circus
"French Connection, The (1971)","police,drugs"
Frida (2002),art
Friday the 13th Part 2 (1981),Jason
Friday the 13th Part 3: 3D (1982),Jason
Friday the 13th Part IV: The Final Chapter (1984),Jason
Friday the 13th Part V: A New Beginning (1985),Jason
Friday the 13th Part VI: Jason Lives (1986),Jason
Friendly Persuasion (1956),Quakers
Friends with Benefits (2011),"sex,romance,New York City,Mila Kunis,Justin Timberlake,HOT actress,happy ending,funny,comedy"
"Fugitive, The (1993)",based on a TV show
Full Metal Jacket (1987),"anti-war,Vietnam"
Funny Games U.S. (2007),"thought-provoking,intelligent,dark humor,dark,dark humor"
"Funny Thing Happened on the Way to the Forum, A (1966)",Rome
Fury (1936),revenge
G.I. Jane (1997),military
Galaxy Quest (1999),spoof
Gallipoli (1981),World War I
Game Night (2018),"Rachel McAdams,funny,Comedy"
"Game, The (1997)","Mystery,twist ending,twist ending,suspense,psychological,plot twist,Mystery,mindfuck"
Gandhi (1982),India
Garden State (2004),psychology
Gaslight (1944),Brooch
Gattaca (1997),"thought-provoking,intelligent,future"
"Gay Divorcee, The (1934)",divorce
Gentleman's Agreement (1947),"Judaism,anti-Semitism"
Gentlemen Broncos (2009),bad humor
Gentlemen Prefer Blondes (1953),In Netflix queue
Georgy Girl (1966),pregnancy
Get Shorty (1995),Hollywood
Get Smart (2008),"Steve Carell,Anne Hathaway"
Ghost (1990),overrated
Ghost World (2001),adolescence
"Ghost and Mrs. Muir, The (1947)",ghosts
Ghostbusters (a.k.a. Ghost Busters) (1984),ghosts
Ghostbusters II (1989),Ghosts
Ghosts of the Abyss (2003),Titanic
Gia (1998),"lesbian,drugs"
Giant (1956),oil
Gigantic (A Tale of Two Johns) (2002),"They Might Be Giants,In Netflix queue"
Gigi (1958),prostitution
Gilda (1946),nightclub
Ginger Snaps (2000),werewolf
Gintama: The Movie (2010),"remaster,gintama,comedy,anime"
"Girl, Interrupted (1999)","winona ryder,psychology,Mental Hospital,Brittany Murphy,based on a true story,asylum"
Gladiator (2000),"Romans,Russell Crowe,Rome,revenge,imdb top 250,history,Epic,ancient Rome"
"Glass Menagerie, The (1987)",Tennessee Williams
Glory (1989),Civil War
"Godfather, The (1972)",Mafia
"Godfather: Part II, The (1974)","Mafia,Mafia,Al Pacino"
"Godfather: Part III, The (1990)","mafia,Francis Ford Coppola,Classic,Andy Garcia,Al Pacino"
Godzilla (2014),Creature Feature
"Going Places (Valseuses, Les) (1974)",irreverent
"Gold Rush, The (1925)",mining
Gone Baby Gone (2007),"twist,great performances,Casey Affleck"
Gone Girl (2014),"Stupid ending,annoying"
Gone with the Wind (1939),Civil War
Good Copy Bad Copy (2007),"remix culture,music industry,documentary"
"Good Earth, The (1937)",Pearl S Buck
"Good Girl, The (2002)","younger men,adultery"
"Good Night, and Good Luck. (2005)","Morrow,McCarthy hearings,journalism,In Netflix queue"
Good Will Hunting (1997),"inspirational,heartwarming,inspirational"
"Good Year, A (2006)",Marion Cotillard
"Good bye, Lenin! (2003)",Cold War
"Good, the Bad and the Ugly, The (Buono, il brutto, il cattivo, Il) (1966)",spaghetti western
Goodfellas (1990),Mafia
"Gospel According to St. Matthew, The (Vangelo secondo Matteo, Il) (1964)",Bible
"Graduate, The (1967)",Simon and Garfunkel
"Grand Day Out with Wallace and Gromit, A (1989)",moon
Grand Illusion (La grande illusion) (1937),"poignant,downbeat"
"Grapes of Wrath, The (1940)","dust bowl,depression"
Grave of the Fireflies (Hotaru no haka) (1988),"tragic,tragedy,tear jerker,poignant,grim,downbeat,beautiful,orphans,made me cry"
Gravity (2013),"visually appealing,slow action,Simple,predictable,long shots,cliche characters"
Grease (1978),high school
Grease 2 (1982),high school
"Great Dictator, The (1940)",Nazis
"Great Escape, The (1963)",POW
Great Expectations (1998),Charles Dickens
"Great Santini, The (1979)",fatherhood
"Greatest Story Ever Told, The (1965)","religion,Bible"
Greed (1924),gold
Green Card (1990),immigrants
Green Lantern (2011),"superhero,space,Ryan Reynolds,DC Comics,DC,comic book,cheesy,CGI,audience intelligence underestimated"
"Green Mile, The (1999)",Stephen King
"Grey Zone, The (2001)",Holocaust
"Grifters, The (1990)",crime
Grizzly Man (2005),"bears,Animal movie"
Gross Anatomy (a.k.a. A Cut Above) (1989),doctors
Grosse Pointe Blank (1997),"reunion,hit men"
Grown Ups 2 (2013),Adam Sandler
Grumpier Old Men (1995),"old,moldy"
Guardians of the Galaxy (2014),"unlikely hero,humorous,Great Visuals,funny"
Guardians of the Galaxy 2 (2017),fun
Guerrilla: The Taking of Patty Hearst (2004),Hearst
Guess Who's Coming to Dinner (1967),"racism,prejudice,interracial marriage,Hepburn and Tracy"
Guys and Dolls (1955),Gambling
Halloween II (1981),halloween
Halloween III: Season of the Witch (1982),halloween
Hamlet (1990),Shakespeare
Hamlet (1996),Shakespeare
Hancock (2008),"Will Smith,Charlize Theron,bad script"
Hands Over the City (Le mani sulla città) (1963),"political right versus left,italy,city politics"
"Hangover, The (2009)","Las Vegas,hotel,funny,comedy,casino"
Hannah and Her Sisters (1986),family
Happy Gilmore (1996),"Adam Sandler,golf,test tag"
"Hard Day's Night, A (1964)",Beatles
Hard-Boiled (Lat sau san taam) (1992),"heroic bloodshed,gun fu"
Harold and Maude (1971),May-December romance
Harry Potter and the Chamber of Secrets (2002),"Wizards,Magic"
Harry Potter and the Goblet of Fire (2005),"Wizards,Magic"
Harry Potter and the Prisoner of Azkaban (2004),"Wizards,Magic"
Harry Potter and the Sorcerer's Stone (a.k.a. Harry Potter and the Philosopher's Stone) (2001),"Wizards,Magic,Magic,humorous,harry potter,alan rickman,Everything you want is here"
"Haunted World of El Superbeasto, The (2009)",Narrative pisstake
"Haunting, The (1963)",ghosts
"Haunting, The (1999)",remake
He Loves Me... He Loves Me Not (À la folie... pas du tout) (2002),obsession
Hearts and Minds (1996),"Vietnam,In Netflix queue"
Heathers (1989),high school
Heaven (2002),bombs
Heavenly Creatures (1994),Australia
Hello Again (1987),death
"Hello, Dolly! (1969)",matchmaker
Henry V (1989),Shakespeare
Hero (Ying xiong) (2002),martial arts
High Fidelity (2000),"Nick Hornby,music"
High Noon (1952),gunfight
High and Low (Tengoku to jigoku) (1963),In Netflix queue
Hilary and Jackie (1998),In Netflix queue
Himalaya (Himalaya - l'enfance d'un chef) (1999),In Netflix queue
Hiroshima Mon Amour (1959),In Netflix queue
His Girl Friday (1940),Screwball
"History of Future Folk, The (2012)",quirky
"History of Violence, A (2005)",In Netflix queue
"Hobbit: An Unexpected Journey, The (2012)","Myth,Action"
"Hobbit: The Desolation of Smaug, The (2013)","too long,Tolkien,fantasy,adventure"
Holes (2003),children
Home Alone (1990),christmas
Home Alone 2: Lost in New York (1992),"sequel,Macaulay Culkin,funny,family"
"Honey, I Shrunk the Kids (1989)",Disney
Hook (1991),Peter Pan
Hoop Dreams (1994),basketball
Hoosiers (a.k.a. Best Shot) (1986),basketball
Hope and Glory (1987),In Netflix queue
Horse Feathers (1932),Marx brothers
Hot Fuzz (2007),british comedy
Hotel Rwanda (2004),genocide
House of 1000 Corpses (2003),Rob Zombie
House of Flying Daggers (Shi mian mai fu) (2004),martial arts
"House of Mirth, The (2000)",Edith Wharton
House of Sand and Fog (2003),real estate
Houseguest (1994),"Sinbad,bad"
How the Grinch Stole Christmas (a.k.a. The Grinch) (2000),Dr. Seuss
How to Make an American Quilt (1995),wedding
How to Steal a Million (1966),In Netflix queue
Howards End (1992),E.M. Forster
Howl's Moving Castle (Hauru no ugoku shiro) (2004),"In Netflix queue,06 Oscar Nominated Best Movie - Animation,Studio Ghibli,Hayao Miyazaki,fantasy world,anime"
"Hudsucker Proxy, The (1994)",hula hoop
Hulk (2003),"marvel,mad scientist,Eric Bana,dogs"
"Hunchback of Notre Dame, The (1939)",disability
"Hunt for Red October, The (1990)",Tom Clancy
"Hunting of the President, The (2004)",politics
"Hurricane, The (1999)",boxing
"Hurt Locker, The (2008)",war
Hustle & Flow (2005),hip hop
"Hustler, The (1961)",pool
I Am Legend (2007),"vampire,religion,post-apocalyptic,Post apocalyptic,plot holes,last man on earth,based on a book,apocalypse,alone in the world"
I Capture the Castle (2003),Dodie Smith
I Know Where I'm Going! (1945),In Netflix queue
"I Love You, Man (2009)","Paul Rudd,masculinity,Jason Segel,Jaime Pressly,comedy,bromantic,bromance,Andy Samberg"
I Remember Mama (1948),motherhood
I Was a Male War Bride (1949),"men in drag,cross dressing"
I'm Not Scared (Io non ho paura) (2003),"for katie,crime,adolescence"
I.Q. (1994),Einstein
Ice Castles (1978),figure skating
"Ice Storm, The (1997)",1970s
Identity (2003),John Cusack
Igby Goes Down (2002),adolescence
Ikiru (1952),"purposefulness,poignant,philosophical,meditative,terminal illness"
"Illusionist, The (2006)","Paul Giamatti,magic,Edward Norton,costume drama"
Imitation of Life (1959),"race,motherhood"
Immortal Beloved (1994),Beethoven
"Impostors, The (1998)",Screwball
In America (2002),immigrants
In Bruges (2008),"stylized,Ralph Fiennes,irreverent,friendship,drugs,dark comedy,Colin Farrell,black comedy"
In Cold Blood (1967),"murder,death penalty,crime,Capote,black and white"
In Good Company (2004),busniess
In Her Shoes (2005),sisters
In Love and War (1996),Hemingway
In a Lonely Place (1950),L.A.
In the Bleak Midwinter (1995),theater
In the Heat of the Night (1967),racism
In the Line of Fire (1993),assassination
In the Mood For Love (Fa yeung nin wa) (2000),"visually stunning,visually appealing,Unique,romantic,nocturnal,moody,melancholy,melancholic,longing,long takes,loneliness,intimate,heartbreaking,elegant,dreamy,bittersweet,Beautiful,atmospheric"
In the Name of the Father (1993),Ireland
In the Realms of the Unreal (2004),"Henry Darger,Documentary,Animation"
Inception (2010),"thought-provoking,philosophy,dreamlike,cerebral,thought-provoking,suspense,psychology,psychological,philosophy,mindfuck,intellectual,heist,great soundtrack,dead wife,complicated,clever,big budget,visually appealing,surreal,dreamlike,visually appealing,thought-provoking,sci-fi,Leonardo DiCaprio,alternate reality,action"
"Incredibles, The (2004)","Samuel L. Jackson,animation,superhero,Disney"
Independence Day (a.k.a. ID4) (1996),aliens
Indiana Jones and the Last Crusade (1989),"Holy Grail,archaeology"
Indiana Jones and the Temple of Doom (1984),archaeology
Indochine (1992),Vietnam
Infernal Affairs (Mou gaan dou) (2002),police
Inglourious Basterds (2009),"satire,Quentin Tarantino,Christoph Waltz,Brad Pitt,black comedy"
Inherit the Wind (1960),"religion,evolution,court"
"Innocents, The (1961)",governess
Inside Job (2010),"truth,politics,investor corruption,economics,corruption,business"
Inside Llewyn Davis (2013),"funny,depressing,cinematography,atmospheric"
"Insider, The (1999)","true story,tobacco"
Insomnia (2002),"thought-provoking,insomnia,atmospheric,Robin Williams,Hilary Swank,atmospheric,Al Pacino"
Interstellar (2014),"visually appealing,thought-provoking,philosophical issues,bad dialogue,time-travel,sci-fi,Christopher Nolan,time-travel,sci-fi,black hole"
Into the Woods (1991),"In Netflix queue,fairy tales"
Intouchables (2011),"sexuality,emotional"
Invasion of the Body Snatchers (1956),1950s
"Invincible Iron Man, The (2007)",animation
"Invisible Man, The (1933)",invisibility
"Invisible, The (2007)","interesting,HORRIBLE ACTING"
"Iron Giant, The (1999)","animation,robots"
Irreversible (Irréversible) (2002),"disturbing,dark"
It Comes at Night (2017),"Suspenseful,paranoia"
It Could Happen to You (1994),gambling
It Happened One Night (1934),Screwball
It Takes Two (1995),twins
It's Such a Beautiful Day (2012),"weird,surreal,philosopical,moving"
It's a Wonderful Life (1946),Christmas
"Italian Job, The (2003)",heist
JFK (1991),"president,politics"
Jack and Sarah (1995),babies
Jane Eyre (1970),Charlotte Bronte
Jarhead (2005),"Modern war,Jake Gyllenhaal"
Jaws (1975),Shark
Jaws 3-D (1983),shark
Jerry Maguire (1996),sports
Jesus of Montreal (Jésus de Montréal) (1989),reciprocal spectator
"Jetée, La (1962)",post-apocalyptic
Jezebel (1938),"Oscar (Best Actress),Bette Davis"
John Wick (2014),"widows/widowers,killer,action,stylish,secret society,Revenge,Keanu Reeves,gun-fu,dark hero"
John Wick: Chapter Two (2017),"Heroic Bloodshed,secret society,organized crime,Keanu Reeves,hitman,gun tactics,dark hero,action"
Johnny Belinda (1948),deafness
Jonah: A VeggieTales Movie (2002),Bible
Jumanji (1995),"game,Robin Williams,magic board game,fantasy"
Jumanji: Welcome to the Jungle (2017),"funny,Dwayne Johnson,Comedy,Action"
Junebug (2005),pregnancy
"Jungle Book, The (1967)",Disney
Jungle2Jungle (a.k.a. Jungle 2 Jungle) (1997),jungle
Juno (2007),"witty,teenage pregnancy,pregnancy,notable soundtrack,Michael Cera"
Jurassic Park (1993),Dinosaur
Jurassic Park III (2001),dinosaurs
Just Cause (1995),court
Just Eat It: A Food Waste Story (2014),"Sustainability,dumpster diving"
K-PAX (2001),"psychiatrist,aliens"
"Karate Kid, Part II, The (1986)",martial arts
"Karate Kid, Part III, The (1989)",martial arts
"Karate Kid, The (1984)",martial arts
Keeping the Faith (2000),"rabbi,priest"
"Kid Stays in the Picture, The (2002)",movie business
"Kid, The (1921)",orphans
Kids (1995),"Nudity (Full Frontal),New York City,controversial"
Kiki's Delivery Service (Majo no takkyûbin) (1989),anime
Kill Bill: Vol. 1 (2003),"revenge,martial arts"
Kill Bill: Vol. 2 (2004),revenge
"Killing Fields, The (1984)","Vietnam,Cambodia"
"Killing, The (1956)",heist
Kind Hearts and Coronets (1949),"murder,multiple roles,family"
King Kong (2005),big budget
"King and I, The (1956)",Siam
Kingdom of Heaven (2005),"Orlando Bloom,Liam Neeson,Eva Green,David Thewlis"
Kingsman: The Secret Service (2015),slick
Kiss Kiss Bang Bang (2005),"In Netflix queue,witty,Robert Downey Jr.,good dialogue,fast-paced dialogue,clever,black comedy"
Kiss Me Goodbye (1982),ghosts
Kiss of the Spider Woman (1985),In Netflix queue
Kolya (Kolja) (1996),In Netflix queue
Kramer vs. Kramer (1979),divorce
Kung Fury (2015),"silly,ridiculous,funny"
L.A. Confidential (1997),Police
L.A. Story (1991),weather forecaster
La La Land (2016),"visually appealing,Bittersweet"
"Lady Eve, The (1941)",gambling
Lady Jane (1986),England
"Lady Vanishes, The (1938)",train
Lady Vengeance (Sympathy for Lady Vengeance) (Chinjeolhan geumjassi) (2005),brutality
Lady and the Tramp (1955),Disney
"Lady from Shanghai, The (1947)",mirrors
Lady in the Water (2006),"Paul Giamatti,M. Night Shyamalan,far fetched,fairy tale,faerie tale,disappointing,bad"
Lagaan: Once Upon a Time in India (2001),India
Laputa: Castle in the Sky (Tenkû no shiro Rapyuta) (1986),anime
Lara Croft Tomb Raider: The Cradle of Life (2003),"heroine in tight suit,Angelina Jolie,adventure"
"Last Days of Disco, The (1998)",No DVD at Netflix
"Last Days, The (1998)","Hungary,Holocaust"
"Last Emperor, The (1987)",China
"Last Picture Show, The (1971)",black-and-white
"Last Temptation of Christ, The (1988)","Katzanzakis,Bible"
"Last of the Mohicans, The (1992)","James Fennimore Cooper,Hawkeye"
"Lavender Hill Mob, The (1951)","heist,crime"
Lawrence of Arabia (1962),Middle East
Layer Cake (2004),"Tom Hardy,stylish,organized crime,Exquisite plotting.,daniel craig,confusing,British gangster"
"League of Extraordinary Gentlemen, The (a.k.a. LXG) (2003)","superhero,Sean Connery,Peta Wilson,gothic,comic book,captain nemo"
Leaving Las Vegas (1995),alcoholism
Legal Eagles (1986),lawyers
Legally Blonde (2001),lawyers
"Legally Blonde 2: Red, White & Blonde (2003)",politics
Lemony Snicket's A Series of Unfortunate Events (2004),"stylized,quirky,meryl streep,Jim Carrey,dark comedy"
"Letter to Three Wives, A (1949)",In Netflix queue
"Letter, The (1940)",In Netflix queue
Liar Liar (1997),lawyer
"Life Aquatic with Steve Zissou, The (2004)","whimsical,visually appealing,trippy,quirky,off-beat comedy,heartwarming"
Life Is Beautiful (La Vita è bella) (1997),"tearjerking,tear jerker,sentimental,poignant,Heartwarming,emotional,bittersweet,Holocaust"
Life of Pi (2012),"surreal,India,cinematography"
Lifeboat (1944),survival
Lilya 4-Ever (Lilja 4-ever) (2002),"sad,melancholy,Depressing,prostitution"
Limelight (1952),In Netflix queue
"Lion King, The (1994)","Disney,soundtrack,Oscar (Best Music - Original Score),Disney animated feature,Disney"
"Little Foxes, The (1941)",family
Little Man Tate (1991),prodigies
"Little Princess, A (1995)","India,Girl Power,England"
Little Voice (1998),In Netflix queue
Little Women (1994),Louisa May Alcott
Logan (2017),"predictible plot,heartbreaking,gritty,emotional,dark"
Lone Star (1996),In Netflix queue
Long Night's Journey Into Day (2000),Eugene O'Neill
"Long, Hot Summer, The (1958)",In Netflix queue
Look Who's Talking (1989),babies
Looking for Comedy in the Muslim World (2005),In Netflix queue
Lord of War (2005),wapendrama
Lord of the Flies (1963),island
"Lord of the Rings, The (1978)","classic,Tolkein"
"Lord of the Rings: The Fellowship of the Ring, The (2001)","Tolkein,wizards,tolkien,mythology,Magic,high fantasy,fantasy"
"Lord of the Rings: The Return of the King, The (2003)","Tolkein,Tolkien,stylized,scenic,lord of the rings,great soundtrack,fantasy world,fantasy,ensemble cast,Adventure"
"Lord of the Rings: The Two Towers, The (2002)","Tolkein,Myth"
Losin' It (1983),virginity
Lost Horizon (1937),Shangri-La
"Lost Weekend, The (1945)",alcoholism
"Lost World: Jurassic Park, The (1997)",dinosaurs
Lost in Translation (2003),"Japan,atmospheric"
"Love Bug, The (1969)","race,Disney"
Love Liza (2002),"widows/widowers,planes,drugs"
Love Me If You Dare (Jeux d'enfants) (2003),cruel characters
Love Story (1970),death
Lovely & Amazing (2001),"women,sisterhood"
Lucky Number Slevin (2006),twist ending
Lust for Life (1956),Van Gogh
Luther (2003),religion
"Luzhin Defence, The (2000)",Nabokov
Léon: The Professional (a.k.a. The Professional) (Léon) (1994),"unique,touching,tense,sniper,quirky,police corruption,police,organized crime,Natalie Portman,Luc Besson,love story,loneliness,Lolita theme,Jean Reno,imdb top 250,humorous,hitman,hit men,Guns,great acting,Gary Oldman,friendship,French,drama,disturbing,crime,corruption,awkward romance,assassins,assassination,assassin,Action,hit men,Jean Reno,assassin"
M (1931),"oninous,mental illness,menacing,creepy,chilly,atmospheric,serial killer"
M. Butterfly (1993),"sexuality,Japan"
"Macbeth (a.k.a. Tragedy of Macbeth, The) (1971)","Shakespeare,In Netflix queue"
Mad Max: Fury Road (2015),"visually appealing,cinematography,beautiful"
"Madness of King George, The (1994)","mental illness,England"
"Magdalene Sisters, The (2002)",religion
Magnolia (1999),L.A.
Major League (1989),baseball
Make Way for Tomorrow (1937),heartbreaking
"Maltese Falcon, The (1941)",statue
"Maltese Falcon, The (a.k.a. Dangerous Female) (1931)",heist
Man Bites Dog (C'est arrivé près de chez vous) (1992),"serial killer,dark humor,dark comedy,dark,crazy,black comedy"
"Man Who Wasn't There, The (2001)",Coen Brothers
"Man Who Would Be King, The (1975)",India
"Man Without a Past, The (Mies vailla menneisyyttä) (2002)",amnesia
"Man in the Iron Mask, The (1998)",seen more than once
Man of Steel (2013),"superhero,Amy Adams"
Man on the Moon (1999),Andy Kaufman
"Man on the Train (Homme du train, L') (2002)",trains
"Manchurian Candidate, The (1962)","brainwashing,assassination"
Manhattan (1979),black and white
Manhunter (1986),"serial killer,Hannibal Lecter"
Marat/Sade (1966),reciprocal spectator
Margin Call (2011),"Wall Street,suspense,realistic,Kevin Spacey,financial crisis,corruption,business,big corporations,bank"
"Maria Full of Grace (Maria, Llena eres de gracia) (2004)","immigrants,drugs"
Marie Antoinette (2006),"lyrical,cinematography"
"Mark of Zorro, The (1940)",swashbuckler
Married to the Mob (1988),Mafia
Mary Poppins (1964),"nanny,Disney"
Mary Reilly (1996),Jekyll and Hyde
Mary Shelley's Frankenstein (Frankenstein) (1994),gothic
Mary and Max (2009),"touching,sweet,sad,quirky,poignant,philosophical,mental illness,loneliness,friendship,dark comedy,character study,black comedy,bittersweet"
Mask (1985),disability
"Mask of Zorro, The (1998)","Mexico,California"
"Match Factory Girl, The (Tulitikkutehtaan tyttö) (1990)",depression
Matchstick Men (2003),"fatherhood,con men"
"Matrix, The (1999)","post apocalyptic,philosophy,alternate universe,sci-fi,martial arts"
May (2002),doll
"Maze Runner, The (2014)","weak plot,unexplained,thriller,survival,post-apocalyptic,plot holes,dystopia,action"
Me Myself I (2000),alternate endings
Mean Creek (2004),revenge
Mean Girls (2004),"High School,lesbian subtext,High School,clever"
Meatballs (1979),camp
Meet Dave (2008),enjoyable
Meet John Doe (1941),journalism
Meet Me in St. Louis (1944),1900s
Meet the Fockers (2004),"Robert De Niro,Ben Stiller"
Meet the Parents (2000),"Robert De Niro,comedy"
Meet the Robinsons (2007),Something for everyone in this one... saw it without and plan on seeing it with kids!
Memento (2000),"dreamlike,cerebral,twist ending,mystery,Backwards. memory,twist ending,psychological,mystery,twist ending,psychology,nonlinear,Mindfuck,dark"
Men in Black (a.k.a. MIB) (1997),aliens
Men in Black II (a.k.a. MIIB) (a.k.a. MIB 2) (2002),"sequel,first was much better,crappy sequel"
"Merchant of Venice, The (2004)",Shakespeare
Michael Collins (1996),Ireland
"Midnight Clear, A (1992)",In Netflix queue
Midnight Cowboy (1969),prostitution
Midnight Express (1978),In Netflix queue
Midnight in the Garden of Good and Evil (1997),Savannah
Mighty Aphrodite (1995),"prostitution,adoption"
"Mighty Wind, A (2003)",mockumentary
"Mighty, The (1998)",adolescence
Mildred Pierce (1945),motherhood
Millennium Actress (Sennen joyû) (2001),In Netflix queue
Miller's Crossing (1990),Mafia
Million Dollar Baby (2004),boxing
Millions (2004),"saints,religion"
Minority Report (2002),future
"Miracle Worker, The (1962)","deaf,blindness"
Miracle on 34th Street (1994),Christmas
"Mirror Has Two Faces, The (1996)",personals ads
Misery (1990),"thriller,tense,suspenseful,stephen king,scary,horror,claustrophobic"
Miss Congeniality (2000),pageant
Missing (1982),"South America,politics,Chile"
"Mission, The (1986)","Priest,Missionary"
Mission: Impossible (1996),based on a TV show
Mississippi Burning (1988),"rasicm,race"
Mississippi Masala (1991),In Netflix queue
Modern Times (1936),factory
Monsoon Wedding (2001),India
Monster (2003),serial killer
Monster's Ball (2001),race
Monty Python Live at the Hollywood Bowl (1982),spoof
Monty Python and the Holy Grail (1975),"King Arthur,England,Monty Python,british comedy"
Monty Python's Life of Brian (1979),"religion,parody,Bible"
Monty Python's The Meaning of Life (1983),british comedy
Moon (2009),"solitude,Sci-fi,2001-like"
Moonrise Kingdom (2012),quirky
Moonstruck (1987),New York
More (1998),"social commentary,no dialogue,imagination,free to download,dystopia,creativity,claymation"
Mother! (2017),"unsettling,uncomfortable,allegorical"
Movie 43 (2013),"satire,sarcasm,R language,offensive,embarassing scenes"
Mr. Holland's Opus (1995),music
Mr. Smith Goes to Washington (1939),Politics
"Mrs. Brown (a.k.a. Her Majesty, Mrs. Brown) (1997)","Queen Victoria,England"
Mrs. Doubtfire (1993),"men in drag,divorce,cross dressing"
Much Ado About Nothing (1993),Shakespeare
Mulholland Falls (1996),bad
Munich (2005),In Netflix queue
Muppet Treasure Island (1996),muppets
Murder in the First (1995),prison
Murder on a Sunday Morning (Un coupable idéal) (2001),"crime,documentary"
Murder on the Orient Express (1974),"train,Oscar (Best Supporting Actress),Agatha Christie"
Muriel's Wedding (1994),"weddings,Australia"
Music Box (1989),Nazis
Mutiny on the Bounty (1935),ships
Mutiny on the Bounty (1962),Not available from Netflix
My Best Friend's Wedding (1997),"weddings,wedding,romantic comedy"
My Blue Heaven (1990),Mafia
My Cousin Vinny (1992),court
My Demon Lover (1987),demons
My Fair Lady (1964),George Bernard Shaw
My Family (1995),In Netflix queue
My Favorite Year (1982),television
My Flesh and Blood (2003),In Netflix queue
My Left Foot (1989),In Netflix queue
My Life (1993),death
My Life Without Me (2003),"terminal illness,adultery"
My Man Godfrey (1936),"screwball,homeless,butler"
My Neighbor Totoro (Tonari no Totoro) (1988),anime
My Stepmother Is an Alien (1988),aliens
Mystery Men (1999),superhero
Mystery Science Theater 3000: The Movie (1996),spoof
Mystic River (2003),"kidnapping,child abuse"
"Name of the Rose, The (Name der Rose, Der) (1986)",religion
Napoleon Dynamite (2004),high school
National Velvet (1944),horses
Natural Born Killers (1994),"stylized,satire,psychedelic,dark comedy,controversial,brutality"
"Natural, The (1984)","sports,baseball"
Necessary Roughness (1991),football
"Negotiator, The (1998)",police
Nell (1994),"twins,disability"
Neon Genesis Evangelion: Death & Rebirth (Shin seiki Evangelion Gekijô-ban: Shito shinsei) (1997),Recap
"Neon Genesis Evangelion: The End of Evangelion (Shin seiki Evangelion Gekijô-ban: Air/Magokoro wo, kimi ni) (1997)","psychology,mecha,epic,end of the world,anime"
"Net, The (1995)",computers
Network (1976),journalism
Never Been Kissed (1999),high school
Next Stop Wonderland (1998),"personals ads,Boston,aquarium"
Niagara (1953),In Netflix queue
Nicholas Nickleby (2002),Dickens
Night and Day (1946),Cole Porter
Night at the Museum (2006),"Robin Williams,Ben Stiller"
"Night at the Opera, A (1935)","opera,Marx brothers"
"Night at the Roxbury, A (1998)",SNL
"Night of the Hunter, The (1955)",good and evil
Night of the Living Dead (1968),zombies
"Night of the Shooting Stars (Notte di San Lorenzo, La) (1982)",World War II
"Nightmare Before Christmas, The (1993)","Halloween,Christmas"
"Nights of Cabiria (Notti di Cabiria, Le) (1957)",In Netflix queue
Ninotchka (1939),"Russia,Cold War"
Nixon (1995),"president,politics"
Nobody Knows (Dare mo shiranai) (2004),orphans
Norma Rae (1979),Union
North Country (2005),"In Netflix queue,courtroom drama"
North by Northwest (1959),"imdb top 250,Alfred Hitchcock,Mount Rushmore"
Northfork (2003),flood
"Nosferatu (Nosferatu, eine Symphonie des Grauens) (1922)",vampires
"Notebook, The (2004)","sad,romance,memory loss"
Notorious (1946),assassination
Now You See Me (2013),"stupid ending,predictable,overcomplicated,illusions"
"Now, Voyager (1942)",psychology
Nowhere in Africa (Nirgendwo in Afrika) (2001),World War II
"O Brother, Where Art Thou? (2000)",bluegrass
Observe and Report (2009),Seth Rogen
Ocean's Eleven (2001),heist
"Odd Couple, The (1968)",In Netflix queue
Office Space (1999),"workplace,stapler"
"Official Story, The (La historia oficial) (1985)",missing children
"Oh, God! Book II (1980)",religion
Oklahoma! (1955),Rogers and Hammerstein
Old Boy (2003),"twisted,surreal,paranoid,hallucinatory,disturbing,depressing,claustrophobic,bizarre"
Old School (2003),"Will Ferrell,comedy"
Oliver Twist (1948),Dickens
Oliver Twist (2005),Dickens
Oliver! (1968),Dickens
"Omen, The (1976)",demons
On Golden Pond (1981),aging
On the Waterfront (1954),"coulda been a contender,boxing"
Once Bitten (1985),vampire
Once Upon a Time in the West (C'era una volta il West) (1968),spaghetti western
Once Were Warriors (1994),In Netflix queue
One Flew Over the Cuckoo's Nest (1975),"mental illness,jack nicholson,emotional"
One Hour Photo (2002),"psychopaths,photography"
"One, Two, Three (1961)",Japan
"Ordet (Word, The) (1955)",religion
Oscar and Lucinda (a.k.a. Oscar & Lucinda) (1997),gambling
Othello (1995),Shakespeare
"Other Sister, The (1999)",disability
Our Hospitality (1923),In Netflix queue
Out of Africa (1985),"Africa,adultery"
Out of Sight (1998),heist
Out of the Past (1947),memory
"Outsiders, The (1983)",S.E. Hinton
Owning Mahowny (2003),gambling
"Ox-Bow Incident, The (1943)",In Netflix queue
Paddington (2014),heartwarming
"Palm Beach Story, The (1942)",screwball
"Pan's Labyrinth (Laberinto del fauno, El) (2006)","visually appealing,bittersweet,atmospheric"
Panic Room (2002),crime
Paper Clips (2004),Holocaust
Paper Moon (1973),In Netflix queue
"Paper, The (1994)",journalism
Paprika (Papurika) (2006),dreamlike
Paradise Lost: The Child Murders at Robin Hood Hills (1996),In Netflix queue
"Parallax View, The (1974)",In Netflix queue
"Parent Trap, The (1961)",twins
"Parent Trap, The (1998)",twins
Parenthood (1989),families
"Passage to India, A (1984)",E.M. Forster
Passion Fish (1992),disability
"Passion of Joan of Arc, The (Passion de Jeanne d'Arc, La) (1928)",saint
"Passion of the Christ, The (2004)",religion
Pat and Mike (1952),"sports,Hepburn and Tracy"
Patch Adams (1998),"bad,doctors"
"Patch of Blue, A (1965)","race,blindness,blind"
Paterson,"understated,sweet,quirky"
Paths of Glory (1957),"military,court"
Patton (1970),World War II
Pee-wee's Big Adventure (1985),Pee Wee Herman
"Pelican Brief, The (1993)",lawyers
Penny Serenade (1941),adoption
"People vs. Larry Flynt, The (1996)",freedom of expression
Personal Velocity (2002),short films
Persuasion (1995),"Jane Austen,In Netflix queue"
Pete's Dragon (1977),Disney
Philadelphia (1993),AIDs
"Philadelphia Story, The (1940)",divorce
Phone Booth (2002),crime
Pi (1998),"visually appealing,tense,surreal,paranoid,paranoia,insanity,hallucinatory,existentialism,enigmatic,cerebral,atmospheric,artsy,mathematics,paranoid,mindfuck,mental illness,hallucinatory"
"Pianist, The (2002)","Holocaust,true story,holocaust"
Picnic at Hanging Rock (1975),Australia
Pieces of April (2003),Thanksgiving
Pierrot le fou (1965),In Netflix queue
Pillow Talk (1959),"sexuality,Day and Hudson"
Pineapple Express (2008),"Stoner Movie,Seth Rogen,James Franco,comedy"
"Pink Panther, The (1963)",Clousseau
Pinocchio (1940),Disney
Pirates of the Caribbean: The Curse of the Black Pearl (2003),swashbuckler
"Place in the Sun, A (1951)",class
Places in the Heart (1984),racism
Planet of the Apes (1968),twist ending
Platoon (1986),Vietnam
Poltergeist (1982),ghosts
Poltergeist II: The Other Side (1986),ghosts
Poltergeist III (1988),ghosts
Ponette (1996),death
Porco Rosso (Crimson Pig) (Kurenai no buta) (1992),In Netflix queue
Possession (2002),"books,AS Byatt"
"Postman Always Rings Twice, The (1946)",adultery
"Postman, The (1997)","Post apocalyptic,Kevin Costner"
"Postman, The (Postino, Il) (1994)",writing
"Preacher's Wife, The (1996)",religion
Predator (1987),"scifi cult,sci-fi,macho,Jesse Ventura,guns,dialogue,Arnold Schwarzenegger,aliens,scifi cult,sci-fi,aliens"
"Prestige, The (2006)","enigmatic,atmospheric,ummarti2006"
Presumed Innocent (1990),"Scott Turow,court"
Pretty Woman (1990),prostitution
Pretty in Pink (1986),"high school,1980s"
Pride & Prejudice (2005),In Netflix queue
"Pride of the Yankees, The (1942)","Lou Gehrig,baseball"
Primal Fear (1996),"priest,twist ending,thought-provoking,suspense,psychology,edward norton"
Primary Colors (1998),politics
"Prime of Miss Jean Brodie, The (1969)",Oscar (Best Actress)
Primer (2004),time travel
"Prince of Egypt, The (1998)","Moses,Bible"
"Prince of Tides, The (1991)",psychiatrist
"Princess Bride, The (1987)","six-fingered man,Inigo Montoya"
Princess Mononoke (Mononoke-hime) (1997),"surreal,Studio Ghibli,fantasy world,atmospheric,adventure,anime"
"Princess and the Warrior, The (Krieger und die Kaiserin, Der) (2000)",accident
Prisoners (2013),"thriller,mystery,morality,Jake Gyllenhaal,Hugh Jackman,atmospheric,acting,absorbing"
Private Benjamin (1980),military
"Producers, The (1968)",Broadway
"Producers, The (2005)",In Netflix queue
Promises (2001),In Netflix queue
Proof (1991),Notable Nudity
Proof (2005),mathematics
Psycho (1960),"remade,imdb top 250,black and white,Alfred Hitchcock,Norman Bates,tense,suspenseful,psychology,Alfred Hitchcock"
Pulp Fiction (1994),"witty,violent,violence,very funny,unusual,unpredictable,unique,Uma Thurman,twist ending,travolta,thriller,thought-provoking,Tarantino,suspense,stylized,stylish,storytelling,Steve Buscemi,splatter,soundtrack,sophisticated,smart writing,sexy,satire,sarcasm,Samuel L. Jackson,royal with cheese,Roger Avary,retro,rape,random,r:violence,r:sustained strong stylized violence,r:strong language,r:strong bloody violence,r:some violence,r:graphic sexuality,r:disturbing violent images,r:disturbing violent content including rape,Quotable,quirky,Quentin Tarantino,pulp,psychological,pop culture references,philosophical,parody,Palme d'Or,out of order,original plot,original,organized crime,organised crime,offensive,notable soundtrack,nonlinear timeline,nonlinear storyline,nonlinear narrative,nonlinear,non-linear timeline,non-linear,noir,neo-noir,multiple storylines,multiple stories,motherfucker,monologue,mobsters,mobster,milkshake,meaningless violence,masterpiece,Mafia,los angeles,killer-as-protagonist,John Travolta,irony,ironic,interwoven storylines,intertwining storylines,interesting,intense,intelligent,intellectual,innovative,imdb top 250,iconic,humour,homosexuality,hitman,hit men,Highly quotable,heroin,Harvey Keitel,guns,gritty,great soundtrack,great dialogue,great acting,gore,good music,good dialogue,golden watch,genius,gangsters,gangster,funny,fun,foul language,film-noir,film noir,fast-paced,fast paced,exciting,episodic,entirely dialogue,entertaining,ensemble cast,drugs & music,drugs,drug overdose,drama,disturbing,disjointed timeline,diner,different,dialogue,dark humor,dark comedy,dark,dancing,dance,cult film,cult classic,cult,crime scene scrubbing,crime,cool style,cool,conversation,comedy,coke,classic movie,classic,characters,character development,casual violence,brutality,bruce willis,bloody,blood splatters,blood,black humour,black humor,Black comedy,big name actors,big boys with guns,biblical references,bible,bad-ass,bad language,bad ass,AWESOME,atmospheric,assassin,anthology,amazing dialogues,amazing,aggressive,action packed,action,achronological,1990s,hit men,Tarantino,Quentin Tarantino,drugs,cult film,non-linear,great soundtrack,good dialogue"
Pumpkin (2002),"mental illness,disability"
Punch-Drunk Love (2002),"wistful,unique,unconventional,tense,symbolism,surreal,sad,quirky,hallucinatory,bittersweet,awkward,anger,pudding"
Punchline (1988),stand-up comedy
"Punisher, The (2004)",comic book
Purple Rain (1984),Prince
"Purple Rose of Cairo, The (1985)",In Netflix queue
Pushing Tin (1999),golfing
Pygmalion (1938),George Bernard Shaw
"Quiet American, The (2002)",Graham Greene
Quiz Show (1994),TV
Rabbit-Proof Fence (2002),Australia
Rabbits (2002),nightmare
Radio Days (1987),"radio,nostalgia"
Radioland Murders (1994),"show business,radio"
Raging Bull (1980),boxing
Raiders of the Lost Ark (Indiana Jones and the Raiders of the Lost Ark) (1981),"indiana jones,ark of the covenant,archaeology,treasure hunt,Steven Spielberg,indiana jones,archaeology,adventure"
Rain Man (1988),autism
"Rainmaker, The (1997)",In Netflix queue
Raise the Red Lantern (Da hong deng long gao gao gua) (1991),In Netflix queue
Raising Arizona (1987),Coen Brothers
Raising Victor Vargas (2002),adolescence
Ran (1985),samurai
Random Harvest (1942),made me cry
Ransom (1996),"Mel Gibson,It was melodramatic and kind of dumb,GIVE ME BACK MY SON!,kidnapping"
Rare Exports: A Christmas Tale (Rare Exports) (2010),male nudity
Rashomon (Rashômon) (1950),"samurai,In Netflix queue,samurai,black and white"
Ratatouille (2007),"inspirational,clever,inspirational,a clever chef rat"
Ray (2004),biopic
Real Women Have Curves (2002),Girl Power
Rear Window (1954),"photography,photographer,mystery,James Stewart,imdb top 250,voyeurism"
Rebecca (1940),Mrs. DeWinter
Rebel Without a Cause (1955),"adolescence,1950s"
"Red Badge of Courage, The (1951)","Stephen Crane,Civil War"
Red Beard (Akahige) (1965),In Netflix queue
Red Dragon (2002),Hannibal Lecter
Red River (1948),cattle drive
"Red Shoes, The (1948)",ballet
Reefer Madness: The Movie Musical (2005),satire
Regarding Henry (1991),amnesia
"Remains of the Day, The (1993)","Housekeeper,Butler"
Renaissance Man (1994),military
Requiem for a Dream (2000),"psychology,depressing,drug abuse"
Requiem for a Heavyweight (1962),boxing
Reservoir Dogs (1992),"Tarantino,religion,Quentin Tarantino,neo-noir,humorous,violence,heist,stylized,Quentin Tarantino,nonlinear,ensemble cast"
Restoration (1995),England
Restrepo (2010),american idolatry
"Return of the Pink Panther, The (1975)",Clousseau
Return of the Secaucus 7 (1980),In Netflix queue
Return to Me (2000),transplants
"Return, The (Vozvrashcheniye) (2003)",fatherhood
Revenge of the Nerds (1984),college
Reversal of Fortune (1990),von Bulow
Richard III (1995),Shakespeare
Riding Giants (2004),surfing
"Right Stuff, The (1983)","space,NASA"
Ringu (Ring) (1998),television
Risky Business (1983),prostitution
River's Edge (1986),In Netflix queue
"Road Home, The (Wo de fu qin mu qin) (1999)",In Netflix queue
Road to Perdition (2002),"Tom Hanks,cinematography"
"Roaring Twenties, The (1939)",In Netflix queue
Roberta (1935),Astaire and Rogers
"Rock, The (1996)","terrorism,Michael Bay,Alcatraz"
Rocky (1976),"sports,boxing"
Rocky III (1982),boxing
Rocky IV (1985),boxing
Rocky V (1990),boxing
Roger & Me (1989),"Michigan,General Motors"
Roger Dodger (2002),dating
Roman Holiday (1953),"royalty,Italy"
"Rome, Open City (a.k.a. Open City) (Roma, città aperta) (1945)",In Netflix queue
Romper Stomper (1992),"violence,racism,Australia"
Romy and Michele's High School Reunion (1997),reunion
Room (2015),"touching,moving"
"Room with a View, A (1986)",E. M. Forster
Rose Red (2002),Stephen King
Rosemary's Baby (1968),"demons,suspense,scary,paranoia,creepy,Atmospheric"
Rosencrantz and Guildenstern Are Dead (1990),Shakespeare sort of
"Royal Tenenbaums, The (2001)",new york
Rudy (1993),football
Run Lola Run (Lola rennt) (1998),alternate endings
Running on Empty (1988),hippies
Ruthless People (1986),kidnapping
Sabrina (1954),rich guy - poor girl
Sabrina (1995),remake
Safety Last! (1923),Clock
Salaam Bombay! (1988),In Netflix queue
"Salo, or The 120 Days of Sodom (Salò o le 120 giornate di Sodoma) (1976)","thought-provoking,inhumane,haunting,harsh,disturbing,confrontational,bleak"
Sands of Iwo Jima (1949),World War II
Sanjuro (Tsubaki Sanjûrô) (1962),In Netflix queue
Sansho the Bailiff (Sanshô dayû) (1954),Not available from Netflix
"Santa Clause, The (1994)",Christmas
Sausage Party (2016),"Vulgar,satire,sarcasm,mindfuck,Crude humor"
Saved! (2004),"religion,pregnancy"
Saving Private Ryan (1998),World War II
Saw (2004),"suspense,surprise ending,mindfuck,great ending,Disturbing,clever,brutal"
Say Anything... (1989),"Lloyd Dobbler,In Your Eyes"
Scarface (1983),Al Pacino
Schindler's List (1993),"holocaust,disturbing,biography,based on a true story,Holocaust,thought-provoking,moving"
School of Rock (2003),school
"Score, The (2001)","boring,heist"
Scott Pilgrim vs. the World (2010),"video games,stylized,Michael Cera,geeky"
Scream (1996),"spoof,slasher"
Scream 2 (1997),"spoof,slasher,sequel"
Scream 3 (2000),"spoof,slasher"
Scrooge (1970),Christmas
Scrooged (1988),"new york,christmas"
Seabiscuit (2003),horses
Searching for Bobby Fischer (1993),chess
Secondhand Lions (2003),Animal movie
"Secret Garden, The (1993)",In Netflix queue
"Secret Lives of Dentists, The (2002)",marriage
"Secret of NIMH, The (1982)",mice
Secrets & Lies (1996),In Netflix queue
Self/less (2015),"ryan reynolds,immortality,ethics,Ben Kingsley"
Sense and Sensibility (1995),Jane Austen
Serendipity (2001),wedding
Serenity (2005),"Firefly,predictable"
Series 7: The Contenders (2001),reality TV
Serpico (1973),police
Session 9 (2001),"Well Done,suspense,psychology,mental hospital"
Seven (a.k.a. Se7en) (1995),"serial killer,twist ending,mystery"
Seven Brides for Seven Brothers (1954),Lonesome Polecat
Seven Samurai (Shichinin no samurai) (1954),samurai
"Seven Year Itch, The (1955)",adultery
"Seventh Seal, The (Sjunde inseglet, Det) (1957)","reflective,philosophical,existentialism,cerebral,atmospheric,death,chess"
Shadow of a Doubt (1943),small towns
Shadow of the Thin Man (1941),Nick and Nora Charles
Shadowlands (1993),C.S. Lewis
Shakespeare in Love (1998),England
Shall We Dance (1937),Astaire and Rogers
Shall We Dance? (Shall We Dansu?) (1996),ballroom dance
Shame (Skammen) (1968),austere
Shanghai Knights (2003),England
"Shape of Things, The (2003)",art
Shattered Glass (2003),journalism
Shaun of the Dead (2004),zombies
"Shawshank Redemption, The (1994)","Morgan Freeman,wrongful imprisonment,Stephen King,prison"
Shenandoah (1965),Civil War
Shine (1996),music
"Shining, The (1980)","Stephen King,suspense,Stanley Kubrick,psychological,masterpiece,jack nicholson,Horror,disturbing,atmospheric"
"Shop Around the Corner, The (1940)",remade
Short Circuit (1986),robots
Short Cuts (1993),large cast
Short Term 12 (2013),"touching,mental illness,heartwarming,feel-good,emotional"
"Shot in the Dark, A (1964)",Clousseau
Shrek (2001),fairy tales
Shrek 2 (2004),ogres
Shutter Island (2010),"thought-provoking,Psychological Thriller,psychological,plot twist,Martin Scorsese,Leonardo DiCaprio,insanity"
Sicario (2015),"tension,atmospheric"
Sideways (2004),wine
"Siege, The (1998)",terrorism
Signs (2002),aliens
Silence (2016),"tragic,thought-provoking,philosophical,contemplative"
"Silence of the Lambs, The (1991)","suspense,psychology,gothic,drama,disturbing,Hannibal Lector"
Silk Stockings (1957),Ninotchka remake
Silkwood (1983),"union,Nuclear disaster"
"Simple Plan, A (1998)",heist
Simply Irresistible (1999),food
Sin City (2005),cult
Sinbad: Legend of the Seven Seas (2003),swashbuckler
Singin' in the Rain (1952),movie business
Sintel (2010),"fantasy,animation,adventure"
Sister Act (1992),nuns
Six Degrees of Separation (1993),race
"Sixth Sense, The (1999)","I see dead people,ghosts,twist ending,stylized,mindfuck,imdb top 250,ghosts,Bruce Willis,Atmospheric"
Skyfall (2012),"cinematography,beautifully filmed,beautiful cinematography"
Sleeping with the Enemy (1991),domestic violence
Sleepless in Seattle (1993),Empire State Building
Sleepy Hollow (1999),Ichabod Crane
Sleuth (1972),In Netflix queue
Sliding Doors (1998),alternate universe
Sling Blade (1996),ex-con
Sliver (1993),bad
Sneakers (1992),spying
Snow White and the Seven Dwarfs (1937),Disney
Snowpiercer (2013),fatalistic
So I Married an Axe Murderer (1993),beat poetry
Soapdish (1991),television
"Social Network, The (2010)","witty,loneliness,good dialogue"
Solo: A Star Wars Story (2018),"star wars,Emilia Clarke"
Some Like It Hot (1959),men in drag
Something Wicked This Way Comes (1983),"Ray Bradbury,carnival"
Son of Rambow (2007),movies about movies
Song of the Little Road (Pather Panchali) (1955),India
Song of the Thin Man (1947),Nick and Nora Charles
Sophie's Choice (1982),Holocaust
"Sound of Music, The (1965)",Rogers and Hammerstein
South Pacific (1958),island
"South Park: Bigger, Longer and Uncut (1999)","Trey Parker,south park,satire,parody,free speech,crude humor,controversial,adult humor"
Space Jam (1996),Bugs Bunny
SpaceCamp (1986),"space,NASA"
Spanglish (2004),"sweet,family,Adam Sandler"
"Spanish Prisoner, The (1997)",twist ending
Spartacus (1960),"slavery,Rome,crucifixion"
Speed (1994),bus
Spellbound (1945),amnesia
Spellbound (2002),spelling bee
Sphere (1998),good
Spider (2002),mental illness
Spider-Man (2002),superhero
Spider-Man 2 (2004),Doc Ock
Spirited Away (Sen to Chihiro no kamikakushi) (2001),anime
Splash (1984),mermaid
Splendor in the Grass (1961),"sexuality,adolescence"
"Spring, Summer, Fall, Winter... and Spring (Bom yeoreum gaeul gyeoul geurigo bom) (2003)",In Netflix queue
Spy Kids (2001),spying
"Squid and the Whale, The (2005)",divorce
St. Elmo's Fire (1985),post-college
Stage Door (1937),show business
Stage Fright (1950),theater
Stand and Deliver (1988),high school
Stand by Me (1986),Stephen King
Standing in the Shadows of Motown (2002),music business
Star Trek (2009),"time travel,space travel,space,Simon Pegg,sci-fi,quick cuts,lack of story,lack of development,future"
Star Trek II: The Wrath of Khan (1982),Captain Kirk
Star Trek IV: The Voyage Home (1986),whales
Star Trek VI: The Undiscovered Country (1991),Klingons
Star Trek: First Contact (1996),Borg
Star Trek: Generations (1994),Enterprise
Star Trek: Insurrection (1998),"Star Trek,space opera,cameo:Whoopi Goldberg"
Star Wars: Episode I - The Phantom Menace (1999),"the Force,prequel"
Star Wars: Episode III - Revenge of the Sith (2005),"space opera,space"
Star Wars: Episode IV - A New Hope (1977),"space opera,luke skywalker,darth vader,Star Wars,space adventure,sci-fi,classic sci-fi,space,ROBOTS AND ANDROIDS,Star Wars,sci-fi,oldie but goodie,space epic,space action,classic sci-fi,Nerd,classic,EPIC,engrossing adventure,classic sci-fi,great soundtrack,EPIC,sci-fi,action,space action,classic"
Star Wars: Episode V - The Empire Strikes Back (1980),"sequel,sci-fi,original plot,music,Harrison Ford,George Lucas,classic,space opera,space,I am your father"
Star Wars: Episode VI - Return of the Jedi (1983),"space opera,luke skywalker,darth vader"
Stargate (1994),time travel
Starsuckers (2009),"system holism,mediacentralism,celebrity fetishism"
State and Main (2000),movies
"Station Agent, The (2003)",trains
Staying Alive (1983),70mm
Steel Magnolias (1989),diabetes
Step Brothers (2008),"will ferrell,funny,will ferrell,funny,comedy,will ferrell,Highly quotable,funny"
Stevie (2002),Big Brothers
"Sting, The (1973)",The Entertainer
Stone Reader (2002),"Stones of Summer,books"
"Story of the Weeping Camel, The (Geschichte vom weinenden Kamel, Die) (2003)","camels,Animal movie"
"Strada, La (1954)",circus
"Straight Story, The (1999)","lawn mower,brothers"
Stranger than Fiction (2006),"Will Ferrell,surreal,romance,modern fantasy,Maggie Gyllenhaal,emma thompson"
Strangers on a Train (1951),murder
Stray Dog (Nora inu) (1949),In Netflix queue
"Streetcar Named Desire, A (1951)",Tennessee Williams
Strictly Ballroom (1992),"dance,Australia"
Stripes (1981),military
Suicide Squad (2016),"Will Smith,visually appealing,superhero,poorly paced,Poor story,Margot Robbie,lack of plot,Joker,Jared Leto,Horrible directing,Harley Quinn's ass,Harley Quinn,good soundtrack,dc comics,comic book,Ben Affleck,Batman,Bad writing,Bad story"
Sunset Blvd. (a.k.a. Sunset Boulevard) (1950),"movie business,eerie,movies"
Super Size Me (2004),"McDonalds,food"
Superbad (2007),"virginity,shenanigans,self discovery,nerds,Michael Cera,high school,friendship"
Supergirl (1984),superhero
Superman (1978),superhero
Superman II (1980),superhero
Superman III (1983),superhero
"Sure Thing, The (1985)",road trip
Suspicion (1941),paranoia
Sweet Charity (1969),prostitution
"Sweet Hereafter, The (1997)","death,Canada"
Swing Time (1936),Astaire and Rogers
"Sword in the Stone, The (1963)","King Arthur,Disney"
Sydney (Hard Eight) (1996),gambling
Syriana (2005),In Netflix queue
Taken 2 (2012),"unnecessary sequel,Turkey,predictable,Liam Neeson,Istanbul"
Taken 3 (2015),"police,murder,action"
"Taking of Pelham One Two Three, The (1974)",subway
"Tale of Two Cities, A (1935)",Dickens
"Talented Mr. Ripley, The (1999)","murder,Europe,suspense,serial killer,secrets,psychology,obsession,murder,Jude Law,disturbing,creepy,based on a book"
"Talk of the Town, The (1942)",In Netflix queue
Talk to Her (Hable con Ella) (2002),coma
"Taming of the Shrew, The (1967)",Shakespeare
Tarnation (2003),"psychology,parenthood"
Taxi Driver (1976),assassination
Ted (2012),crude humor
Tekkonkinkreet (Tekkon kinkurîto) (2006),anime
Tender Mercies (1983),music
Terminator 2: Judgment Day (1991),"Scifi masterpiece,robots,time travel,Suspense,sci-fi,nuclear war,Arnold Schwarzenegger,apocalypse"
Terminator Salvation (2009),"sequel,sci-fi,robots,post-apocalyptic,new composer,franchise,FIGHTING THE SYSTEM,Christian Bale,bad script,bad plot,bad acting,artificial intelligence"
"Terminator, The (1984)","robots,time travel,tense,special effects,Sci-Fi,robots,artificial intelligence,Action"
"Terrorist, The (a.k.a. Malli) (Theeviravaathi) (1998)",In Netflix queue
"Tetsuo, the Ironman (Tetsuo) (1988)","visually stunning,surreal,hallucinatory,gritty,atmospheric,\"\"\"artsy\"\"\""
That Thing You Do! (1996),Music
That's Entertainment (1974),In Netflix queue
The Butterfly Effect (2004),"time travel,science fiction,sci-fi,alternate reality"
The Count of Monte Cristo (2002),"remake,revenge,Dumas"
The DUFF (2015),"high school,funny"
The Devil's Advocate (1997),lawyers
The Greatest Showman (2017),bad music
The Hateful Eight (2015),"Western,violent,tension building,Samuel L. Jackson,Quentin Tarantino,Kurt Russell,humor,Dialogue,characters"
The Hobbit: The Battle of the Five Armies (2014),hope
The Hunger Games (2012),ending
The Hunger Games: Mockingjay - Part 2 (2015),"revolution,rebellion,politics,nonsense,love story,Jennifer Lawrence,dystopia"
The Imitation Game (2014),"intelligent,inspirational"
The Importance of Being Earnest (1952),Oscar Wilde
The Interview (2014),"Seth Rogen,James Franco,funny,comedy,bromance,bloody"
The Lego Batman Movie (2017),"heartwarming,funny"
The Lego Movie (2014),"quirky,imaginative,fun,feel-good,colorful,clever,cheeky"
The Machinist (2004),"psychology,twist ending,schizophrenia,psychology,powerful ending,creepy,Christian Bale"
The Man from U.N.C.L.E. (2015),"stylish,slick"
The Martian (2015),smart
The Rabbi's Cat (Le chat du rabbin) (2011),"trippy,philosophical"
The Revenant (2015),"Visually Striking,visually appealing,cinematography,visually appealing,tom hardy,survival,leonardo DiCarpio"
The Shape of Water (2017),"dreamlike,atmospheric"
The Spiral Staircase (1945),disability
There Will Be Blood (2007),"visually appealing,morality,long shots,intense,gritty,character study,cerebral,atmospheric"
There's Something About Mary (1998),"goofy,crude humor,Ben Stiller,Ben Stiller"
They Drive by Night (1940),truckers
"They Shoot Horses, Don't They? (1969)",dance marathon
"Thin Blue Line, The (1988)","police,In Netflix queue"
"Thin Man Goes Home, The (1945)",Nick and Nora Charles
"Thin Man, The (1934)",Nick and Nora Charles
"Thing from Another World, The (1951)",aliens
"Third Man, The (1949)","zither,Venice,ferris wheel"
Thirteen (2003),adolescence
This Gun for Hire (1942),In Netflix queue
This Is Spinal Tap (1984),"music,mockumentary,heavy metal,music"
Thor: Ragnarok (2017),"white guilt,unconventional,quirky,humor,awesome"
"Thousand Words, A (2012)",interesting scenario
Three Colors: Blue (Trois couleurs: Bleu) (1993),Death
Three Colors: White (Trzy kolory: Bialy) (1994),"cynical,marriage"
"Three Faces of Eve, The (1957)",multiple personalities
"Three Musketeers, The (1973)",In Netflix queue
"Three Musketeers, The (1993)",knights
Throne of Blood (Kumonosu jô) (1957),MacBeth
Throw Momma from the Train (1987),Strangers on a Train
Time Bandits (1981),time travel
"Time to Kill, A (1996)",John Grisham
Tin Cup (1996),golf
Titanic (1997),"romance,shipwreck"
Titus (1999),Shakespeare
To Die For (1995),Journalism
To Kill a Mockingbird (1962),"racism,Harper Lee"
To Live (Huozhe) (1994),In Netflix queue
Tokyo Godfathers (2003),In Netflix queue
Tom Jones (1963),British
Tomb Raider (2018),"video game adaptation,Alicia Vikander,adventure"
Tootsie (1982),men in drag
Top Gun (1986),"Navy,predictable"
Top Hat (1935),Astaire and Rogers
Touching the Void (2003),mountain climbing
"Town Called Panic, A (Panique au village) (2009)","whimsical,surreal"
"Town, The (2010)","too much love interest,romance,FBI,crime"
Toy Story (1995),"fun,pixar,pixar"
Toy Story 2 (1999),"Pixar,Tom Hanks,sequel,Pixar,original,funny,Disney,animation"
Trading Places (1983),"Dan Aykroyd,class"
Traffic (2000),"based on a TV show,drugs"
Trainspotting (1996),"drug abuse,narrated,dark comedy,based on a book"
Transformers: Revenge of the Fallen (2009),"stop using useless characters for filler,Shia LaBeouf,ridiculous,plot holes,needed more autobots,Michael Bay,bad plot"
"Treasure of the Sierra Madre, The (1948)",Cold
Trekkies (1997),Star Trek
"Triplets of Belleville, The (Les triplettes de Belleville) (2003)",biking
Tron: Legacy (2010),"soundtrack,sequel,Poor plot development,Horrid characterisation,action choreography"
True Grit (2010),"predictable,Matt Damon,Jeff Bridges,Coen Brothers,atmospheric"
True Lies (1994),spies
"Truly, Madly, Deeply (1991)",Ghost
"Truman Show, The (1998)",TV
"Truth About Cats & Dogs, The (1996)",Veterinarian
Tucker & Dale vs Evil (2010),black comedy
Tupac: Resurrection (2003),"rap,music business"
Turner & Hooch (1989),dogs
Twelfth Night (1996),Shakespeare
Twelve Monkeys (a.k.a. 12 Monkeys) (1995),"twist ending,time travel,remake,post-apocalyptic,Post apocalyptic,mindfuck,Bruce Willis,Brad Pitt,time travel,time travel"
Twentieth Century (1934),In Netflix queue
Twilight (2008),"Teen movie,overrated,chick flick,boring,audience intelligence underestimated"
"Twilight Samurai, The (Tasogare Seibei) (2002)",In Netflix queue
Twins (1988),twins
Twister (1996),Disaster
"Two Days, One Night (Deux jours, une nuit) (2014)",bittersweet
Two Family House (2000),In Netflix queue
UHF (1989),television
"Umbrellas of Cherbourg, The (Parapluies de Cherbourg, Les) (1964)",Made me cry
Unbreakable (2000),"somber,atmospheric,unique,mindfuck,father-son relationship,comics,atmospheric,superhero"
Unforgiven (1992),revenge
"Untouchables, The (1987)","gangsters,Capone"
"Unvanquished, The (Aparajito) (1957)",India
Up (2009),"touching,heartbreaking,emotional,bittersweet,Pixar,dreams,dogs,divorce,computer animation,children,cartoon,Bechdel Test:Fail,adventure"
Up Close and Personal (1996),journalism
Upside Down: The Creation Records Story (2010),"music,indie record label,britpop"
Upstream Color (2013),"existentialism,dreamlike,Beautiful,atmospheric,artsy,artistic"
"Usual Suspects, The (1995)","heist,twist ending,tricky,thriller,suspense,mindfuck"
"Vanishing, The (1993)",remake
"Vanishing, The (Spoorloos) (1988)","remade,kidnapping"
Vera Drake (2004),abortion
Vertigo (1958),"James Stewart,imdb top 250,Atmospheric,Alfred Hitchcock,falling"
Very Bad Things (1998),"dark humor,dark comedy"
"Very Brady Sequel, A (1996)",based on a TV show
Vicky Cristina Barcelona (2008),threesome
Victor/Victoria (1982),cross dressing
Village of the Damned (1960),evil children
"Village, The (2004)","M. Night Shyamalan,good soundtrack,Atmospheric"
"Virgin Suicides, The (1999)","suicide,1970s,sofia coppola"
Virtuosity (1995),serial killer
Voices of a Distant Star (Hoshi no koe) (2003),love
Volunteers (1985),Peace Corp
WALL·E (2008),"social commentary,Post apocalyptic,love story,last man on earth"
Waco: The Rules of Engagement (1997),FBI
"Wages of Fear, The (Salaire de la peur, Le) (1953)",In Netflix queue
Wait Until Dark (1967),blindness
Waiting for Guffman (1996),mockumentary
Waiting... (2005),restaurant
Walk the Line (2005),Johnny Cash
"Walk, Don't Run (1966)","Tokyo,Olympics"
Wall Street (1987),business
Wallace & Gromit in The Curse of the Were-Rabbit (2005),"Aardman,06 Oscar Nominated Best Movie - Animation"
Wallace & Gromit: A Close Shave (1995),Aardman
Wallace & Gromit: The Best of Aardman Animation (1996),Aardman
Wallace & Gromit: The Wrong Trousers (1993),Aardman
"War Room, The (1993)",politics
"War of the Worlds, The (1953)",classic
WarGames (1983),Cold War
Warrior (2011),"Tom Hardy,MMA,Boxing story"
Washington Square (1997),Henry James
Watch on the Rhine (1943),World War II
"Waterboy, The (1998)",football
Watership Down (1978),"beautiful,atmospheric"
"Weather Underground, The (2002)",politics
"Wedding Banquet, The (Xi yan) (1993)",In Netflix queue
Wedding Crashers (2005),stiller
"Wedding Singer, The (1998)",1980s
Welcome to the Dollhouse (1995),adolescence
West Side Story (1961),Gangs
Whale Rider (2002),Girl Power
What Ever Happened to Baby Jane? (1962),show business
What If (2013),"zoe kazan,daniel radcliffe"
What's Eating Gilbert Grape (1993),mental illness
What's Love Got to Do with It? (1993),biopic
When Harry Met Sally... (1989),New York
When We Were Kings (1996),"In Netflix queue,boxing"
When a Man Loves a Woman (1994),alcoholism
While You Were Sleeping (1995),coma
Whiplash (2014),"intense,inspiring,inspirational,tense,music,jazz,suspense,psychological,passion"
White Christmas (1954),Christmas
White Men Can't Jump (1992),basketball
Who Framed Roger Rabbit? (1988),live action/animation
Who Killed Chea Vichea? (2010),"procedural,murder,human rights,crime,Cambodia"
"Whole Wide World, The (1996)",Conan
Why We Fight (2005),In Netflix queue
"Widow of St. Pierre, The (Veuve de Saint-Pierre, La) (2000)",death penalty
"Wild Parrots of Telegraph Hill, The (2003)","parrots,birds"
Wild Tales (2014),"short stories,multiple short stories,ironic,dark humor,dark comedy,black comedy"
William Shakespeare's Romeo + Juliet (1996),"Shakespeare,updated classics,shakespeare,Leonardo DiCaprio,Amazing Cinematography"
"Winged Migration (Peuple migrateur, Le) (2001)",birds
"Wings of the Dove, The (1997)",Henry James
Wit (2001),cancer
"With a Friend Like Harry... (Harry, un ami qui vous veut du bien) (2000)",psychopaths
Witness (1985),Amish
Witness for the Prosecution (1957),"court,Agatha Christie"
"Wizard of Oz, The (1939)","Toto,Dorothy"
"Wolf of Wall Street, The (2013)","Wall Street,Stock Market,Martin Scorsese,Leonardo DiCaprio,drugs"
"Woman Under the Influence, A (1974)",In Netflix queue
Woman of the Year (1942),"marriage,Hepburn and Tracy"
"Women, The (1939)",divorce
Wonder Boys (2000),writing
"Wonderful, Horrible Life of Leni Riefenstahl, The (Macht der Bilder: Leni Riefenstahl, Die) (1993)","In Netflix queue,Holocaust"
"Woodsman, The (2004)",child abuse
"World of Apu, The (Apur Sansar) (1959)",India
"World of Henry Orient, The (1964)",teenagers
World of Tomorrow (2015),"surreal,Existential"
"X-Files: Fight the Future, The (1998)",conspiracy
X-Men (2000),"superhero,superhero,marvel,hugh jackman,comic book,action"
X-Men Origins: Wolverine (2009),"too many characters,Ryan Reynolds,hugh jackman,comic book,bad plot,comic book"
X-Men: The Last Stand (2006),"Hugh Jackman,Halle Berry"
X2: X-Men United (2003),"Wolverine,superhero,Rogue,Magneto,Jean Grey"
Yankee Doodle Dandy (1942),biopic
"Year of Living Dangerously, The (1982)","journalism,Indonesia,Academy award (Best Supporting Actress)"
"Yearling, The (1946)",Animal movie
Yentl (1983),"Judaism,cross dressing"
Yojimbo (1961),samurai
You Can Count on Me (2000),family
You Only Live Once (1937),fugitive
You'll Never Get Rich (1941),Rita Hayworth can dance!
You've Got Mail (1998),"remake,e-mail"
Young Frankenstein (1974),spoof
Z (1969),In Netflix queue
Zack and Miri Make a Porno (2008),"Sexual Humor,Seth Rogen"
Zelary (2003),marriage
Zelig (1983),psychology
Zero Dark Thirty (2012),"terrorism,military,assassination,American propaganda,Afghanistan"
Zombieland (2009),"Woody Harrelson,Jesse Eisenberg,funny,Emma Stone,dark comedy,Bill Murray"
Zoolander (2001),"Will Ferrell,mindless one liners,goofy,David Bowie,comedy,ben stiller"
Zulu (1964),Africa
eXistenZ (1999),virtual reality
